,0,
0,cardinalspolitics,
1,politics_in_russian,
2,ultimateuspolitics,1
3,pikabupolitics,
4,eli5politics,
5,bannedfrompolitics,
6,nevadapolitics,
7,traumaandpolitics,
8,polcomppolitics,
9,stupiditypolitics,
10,nebraskapolitics,
11,officepolitics,
12,shitpoliticssays,
13,eupolitics,
14,chinesepolitics,
15,politicsunmodded,
16,nyspolitics,
17,nunavutpolitics,
18,sinogeopolitics,
19,kentuckypolitics,
20,oregon_politics,
21,immoderatepolitics,
22,badpolitics,
23,politicsca,
24,unitedkingdompolitics,
25,gbpolitics,
26,usapolitics,1
27,u_predictitpolitics,
28,reformukpolitics,
29,canadianpolitics,
30,coloradopolitics,
31,clovispolitics,
32,tennesseepolitics,
33,texaspolitics,
34,californiapolitics,
35,new_jersey_politics,
36,geopolitics2,
37,pennsylvania_politics,
38,canadagunspolitics,
39,albertapolitics,
40,unmoderatedpolitics,
41,politicshangout,0
42,truthpolitics,
43,mormonpolitics,
44,vancouverpolitics,
45,politics_official,0
46,politics2021,
47,pennsylvaniapolitics,
48,kaiserreichpolitics,
49,michigan_politics,
50,internationalpolitics,
51,pittsburghpolitics,
52,rotpolitics,
53,virginiapolitics,
54,aseanpolitics,
55,iranpolitics,
56,worldpoliticsminusus,
57,mainepolitics,
58,ukpolitics2021,
59,ausleftpolitics,
60,mmapoliticsandculture,
61,aspiepolitics,
62,arkansaspolitics,
63,truechristianpolitics,
64,saskatchewanpolitics,
65,worldpolitics2,
66,ontariopolitics,
67,mmw_no_politics,
68,saskpolitics,
69,ukpolitics,
70,veteranpolitics,
71,russianfairpolitics,
72,cis_politics,
73,paradoxpolitics,
74,arizonapoliticsuncens,
75,bcpolitics,
76,yukonpolitics,
77,tnpolitics,
78,askpolitics,
79,rpolitics,0
80,malaysiapolitics,
81,geopoliticsblog,
82,classpoliticstwitter,
83,northdakotapolitics,
84,floridapolitics,
85,manitobapolitics,
86,american_politics,1
87,truecatholicpolitics,
88,fortworthpolitics,
89,rhodeislandpolitics,
90,world_politics,
91,ask_politics,
92,politicsshitshow,
93,copolitics,
94,massachusettspolitics,
95,gunpolitics,
96,geopolitics,
97,femalepoliticstrategy,
98,australialeftpolitics,
99,ohiopolitics,
100,politicscirclejerk,
101,badukpolitics,
102,politicsuncensored,
103,connecticut_politics,
104,politicsfl,
105,debate_politics,
106,ncpolitics,
107,indian_politics,
108,politicswales,
109,arkansas_politics,
110,politicsextra,
111,gcjpoliticscirclejerk,
112,indianapolitics,
113,teenpoliticsdiscord,
114,realarizonapolitics,
115,politicspain,
116,spectrumpolitics,
117,minnesotapolitics,
118,centerleftpolitics,
119,missouripolitics,
120,civilpolitics,
121,canadapolitics,
122,our_politics,
123,britishpolitics,
124,worldpolitics,
125,politicsmeta,
126,southdakotapolitics,
127,neutralpoliticsvic,
128,mexico_politics,
129,bestofnopolitics,
130,nwtpolitics,
131,politicspeopletwitter,
132,nlpolitics,
133,ventpolitics,
134,kansaspolitics,
135,sanepolitics,
136,neutralpolitics,
137,worldpolitics_1,
138,idahopolitics,
139,global_geopolitics,
140,mississippipolitics,
141,hawaiipolitics,
142,dallaspolitics,
143,channitpolitics,
144,politicsdownunder,
145,politicsandtech,
146,politicsturkey,
147,illinoispolitics,
148,politicswa,
149,obsurdpolitics,
150,politicsmemes,
151,nbpolitics,
152,indianapoliticsfree,
153,uk_politics,
154,civpolitics,
155,freedomnewspolitics,
156,alaskapolitics,
157,toppolitics,
158,politicsnsfw,
159,pandemicpolitics,
160,ozpolitics,
161,newmexicopolitics,
162,politics1,
163,worldpoliticschat,
164,pte_politicstecheco,
165,debatepolitics,
166,nzpolitics,
167,politics,
168,michiganpolitics,
169,politicsdebate,
170,debatepoliticsuk,
171,moderatepolitics,
172,hkpolitics,
173,louisianapolitics,
174,globalpolitics,
175,megapolitics,
176,bachelorpolitics,
177,browserpolitics,
178,bipartisanpolitics,
179,belgiumpolitics,
180,unbiasedpolitics,
181,uspolitics,1
182,iowapolitics,
183,auspolitics,
184,spainpolitics,
185,canadapoliticshumour,
186,aarp_politics,
187,thebachelornopolitics,
188,mopolitics,
189,progressivepolitics,
190,liberalpolitics,
191,netpolitics,
192,utahpolitics,
193,australianpolitics,
194,scottishpolitics,
195,guerillapoliticsuk,
196,politicseconomy,
197,politicsbipartisan,
198,americanpolitics,1
199,canada_politics,
200,unchainedpolitics,
201,guerillapolitics,
202,sikhpolitics,
203,missoulapolitics,
204,politics_zh,
205,oklahomapolitics,
206,california_politics,
207,politicsuk,
208,vermontpolitics,
209,alabamapolitics,
210,politics2,
211,houston_politics,
212,ukpoliticsmf,
213,arizonapolitics,
214,montanapolitics,
215,wisconsinpolitics,
216,newzealandpolitics,
217,westvirginiapolitics,
218,japanpolitics,
219,ph_politics,
220,quebec_politics,
221,marijuanapolitics,
222,politicsfacepalm,
223,canadianpoliticsmemes,
224,nhpolitics,
225,gospelpolitics,
226,ukpoliticsdiscussion,
227,novascotiapolitics,
228,irishpolitics,
229,southcarolinapolitics,
230,americanpolitics2,
231,delawarepolitics,
232,marylandpolitics,
